<?xml version="1.1" encoding="UTF-8" standalone="yes"?>
<addon id="plugin.video.allview"
       name="allview"
       version="1.0"
       provider-name="allview">
  <requires>
    <import addon="xbmc.python" version="2.1.0"/>
	<import addon="script.module.requests" />
  </requires>
  <extension point="xbmc.python.pluginsource"
            library="default.py">
        <provides>video</provides>
  </extension>
  <extension point="xbmc.addon.metadata">
    <summary lang="en">allview</summary>
    <language>en</language>
    <description lang="en">allview - Supplier of Great Quality and Stable Streams</description>
     <platform>all</platform>
  </extension>
</addon>
